"John","Doe","Pwsd1","12301","johnd@email.com","111-111-1111"
"Jane","Doe","Pswd2","12302","Janed@gmail.com","222-222-2222"
"Casper","James","Pswd3","12303","casperj@email.com","333-333-3333"
"James","Mcarthey","Pswd4","12304","jamesm@email.com","444-444-4444"
"Karen ","Rose","Pswd5","12305","karenr@gmail.com","555-555-5555"
"Kim","Alex","Pswd6","12306","kima@email.com","666-666-6666"
"Parker","Jame","Pswd7","12307","parkerj@email.com","777-777-7777"
"Alex","Smith","Pswd8","12308","alexs@email.com","888-888-8888"
"Sam","Kupfrey","Pswd9","12309","samk@email.com","999-999-9999"
"Sara","Homel","Pswd10","12310","sarah@email.com","100-100-1000"
"Tim","Scott","Pswd11","12311","tims@email.com","110-110-1100"
"Tori","Hines","Pswd12","12312","torih@email.com","120-120-1200"
"Patti","Franz","Pswd13","12313","pattif@gmail.com","130-130-1300"
"Gloria","Ganders","Pswd14","12314","gloriag@email.com","140-140-1400"
"Miles","Morales","Pswd15","12315","milesm@email.com","150-150-1500"
"Tony","Snarp","Pswd16","12316","tonys@email.com","160-160-1600"
"Bruice","Banter","Pswd17","12317","bruceb@gmail.com","170-170-1700"
"Frida","Collin","Pswd18","12318","fridac@email.com","180-180-1800"
"Elie","Weiselle","Pswd19","12319","eliew@email.com","190-190-9100"
"Barry","Lane","Pswd20","12320","barryl@email.com","200-200-0200"
